Question,Response
Extract all the technical requirements mentioned for fine-tuning,"The provided context does not specify any technical requirements for fine-tuning. It only describes the evaluation of fine-tuned models versus base instruction-tuned models and mentions the dataset used for fine-tuning (questions extracted from the Washington state dataset). To extract technical requirements, additional information or sections of the document would be needed."
What specific benefits does RAG provide for real-time information?,"RAG (Retrieval-Augmented Generation) provides several specific benefits for real-time information, particularly in contexts where data is contextually relevant. These benefits include:

1. **Improved Accuracy**: RAG enhances the accuracy of large models by leveraging relevant data, ensuring that the information generated is more precise and applicable to the current context.

2. **Contextual Relevance**: By utilizing contextually relevant data, RAG is capable of delivering insights that are more meaningful for specific situations, such as the interpretation of real-time farm data.

3. **Efficiency**: RAG can quickly access and utilize a wide array of information, providing timely answers and reducing the lag associated with traditional model fine-tuning processes.

4. **Adaptability**: RAG can adapt to new information as it becomes available, which is crucial for environments where real-time data can change rapidly.

Overall, RAG's ability to integrate real-time, contextually relevant data leads to better-informed decision-making and more effective response strategies in dynamic situations."
List only the costs mentioned in the document,"The provided context does not include any specific information about costs mentioned in the document. Therefore, I cannot list any costs based on the given text."
What does the document say about training time?,The document does not provide any specific information about the training time. It only mentions the use of a scheduler with a linear warmup comprising 4% of the total number of steps and the training script used.
